# old,new  (best-effort categories from sheet layout; merged = auto-slice joined several items)
tree_000,canopy_tree_01
tree_001,canopy_tree_02
tree_002,canopy_tree_03
tree_003,canopy_tree_04
tree_004,canopy_tree_05
tree_005,canopy_tree_06
tree_006,canopy_tree_07
tree_007,canopy_tree_08
tree_008,stump_01
tree_009,stump_02
tree_010,stump_03
tree_011,stump_04
tree_012,canopy_tree_09
tree_013,canopy_tree_10
tree_014,canopy_tree_11
tree_015,canopy_tree_12
tree_016,bush_01
tree_017,bush_02
tree_018,bush_03
tree_019,bush_04
tree_020,bush_05
tree_021,bush_06
tree_022,sprout_01
tree_023,sprout_02
tree_024,sprout_03
tree_025,sprout_04
tree_026,sprout_05
tree_027,canopy_tree_13
tree_028,canopy_tree_14
tree_029,canopy_tree_15
tree_030,canopy_tree_16
tree_031,trees_merged_01
tree_032,sprout_06
tree_033,sprout_07
tree_034,sprout_08
tree_035,sprout_09
tree_036,sprout_10
tree_037,bush_row_01
tree_038,bush_07
tree_039,bush_08
tree_040,bush_09
tree_041,bush_10
tree_042,bush_11
tree_043,tall_tree_01
tree_044,tall_tree_02
tree_045,tall_tree_03
tree_046,tall_tree_04
tree_047,tall_tree_05
tree_048,tall_tree_06
tree_049,tall_tree_07
tree_050,tall_tree_08
tree_051,bush_12
tree_052,bush_13
tree_053,bush_14
tree_054,bush_15
tree_055,bush_16
tree_056,trees_merged_02
tree_057,bush_17
tree_058,bush_18
tree_059,bush_19
tree_060,bush_20
tree_061,bush_21
tree_062,bush_22
tree_063,bush_23
tree_064,bush_24
tree_065,bush_25
tree_066,pine_tree_01
tree_067,pine_tree_02
tree_068,pine_tree_03
tree_069,pine_tree_04
tree_070,pine_tree_05
tree_071,pine_tree_06
tree_072,bush_26
tree_073,bush_27
tree_074,bush_28
tree_075,bush_29
tree_076,bush_30
tree_077,small_tree_01
tree_078,small_tree_02
tree_079,small_tree_03
tree_080,small_tree_04
tree_081,small_tree_05
tree_082,bush_31
tree_083,bush_32
tree_084,bush_33
tree_085,bush_34
tree_086,bush_35
tree_087,cactus_01
tree_088,cactus_02
tree_089,cactus_03
tree_090,cactus_04
tree_091,cactus_05
tree_092,baobab_row_01
tree_093,willow_tree_01
tree_094,willow_tree_02
tree_095,willow_tree_03
tree_096,cactus_06
tree_097,cactus_07
tree_098,cactus_08
tree_099,cactus_09
tree_100,cactus_10
tree_101,cactus_11
tree_102,cactus_12
tree_103,cactus_13
tree_104,cactus_14
tree_105,cactus_15
tree_106,palm_tree_01
tree_107,palm_tree_02
tree_108,palm_tree_03
tree_109,palm_tree_04
tree_110,flower_01
tree_111,flower_02
tree_112,flower_03
tree_113,flower_04
tree_114,flower_05
tree_115,redwood_trunk_01
tree_116,redwood_trunk_02
tree_117,dead_tree_01
tree_118,dead_tree_02
tree_119,dead_tree_03
tree_120,dead_tree_04
tree_121,dead_tree_05
tree_122,dead_tree_06
tree_123,dead_tree_07
tree_124,dead_tree_08
tree_125,dead_tree_09
tree_126,dead_tree_10
tree_127,mushroom_01
tree_128,mushroom_02
tree_129,mushroom_03
tree_130,mushroom_04
tree_131,mushroom_05
tree_132,mushroom_06
tree_133,mushroom_row_01
tree_134,mushroom_small_01
tree_135,mushroom_small_02
tree_136,sprout_11
tree_137,sprout_12
tree_138,coral_01
tree_139,coral_02
tree_140,sprout_13
tree_141,sprout_14
tree_142,mushroom_small_03
tree_143,mushroom_small_04
tree_144,sprout_15
tree_145,sprout_16
tree_146,sprout_17
tree_147,sprout_18
tree_148,sprout_19
tree_149,sprout_20
tree_150,sprout_21
tree_151,sprout_22
